Website,Traffic
en.wikipedia.org    ,"1,134,008,294"
youtube.com         ,"935,537,251"
amazon.com          ,"585,497,848"
facebook.com        ,"467,339,001"
twitter.com         ,"285,460,434"
fandom.com          ,"228,808,284"
pinterest.com       ,"203,270,264"
imdb.com            ,"168,810,268"
reddit.com          ,"166,277,100"
yelp.com            ,"139,979,616"
instagram.com       ,"115,244,248"
ebay.com            ,"115,193,704"
walmart.com         ,"87,857,129"
craigslist.org      ,"83,121,149"
healthline.com      ,"80,922,807"
tripadvisor.com     ,"79,599,486"
linkedin.com        ,"69,025,061"
webmd.com           ,"64,965,051"
"netflix.com""        ","61,700,320"
apple.com           ,"61,654,032"
homedepot.com       ,"58,856,947"
mail.yahoo.com      ,"57,860,364"
cnn.com             ,"54,769,892"
etsy.com            ,"54,637,623"
google.com          ,"53,341,680"
yahoo.com           ,"52,439,266"
indeed.com          ,"51,267,935"
target.com          ,"50,019,309"
microsoft.com       ,"49,836,568"
nytimes.com         ,"49,396,900"
mayoclinic.org      ,"44,626,322"
espn.com            ,"44,196,183"
usps.com            ,"43,722,741"
quizlet.com         ,"42,604,691"
gamepedia.com       ,"42,482,271"
lowes.com           ,"39,239,920"
irs.gov             ,"38,010,806"
nih.gov             ,"37,322,710"
merriam-webster.com,"35,140,444"
steampowered.com    ,"34,592,749"
mapquest.com        ,"34,115,482"
foxnews.com         ,"32,359,651"
allrecipes.com      ,"31,791,702"
quora.com           ,"30,729,988"
aol.com             ,"29,581,668"
britannica.com      ,"29,299,729"
live.com            ,"28,365,723"
bestbuy.com         ,"28,296,919"
"rottentomatoes.com	","28,226,399"
ca.gov              ,"27,514,787"
play.google.com     ,"27,394,210"
net.com             ,"27,354,257"
roblox.com          ,"26,207,488"
usnews.com          ,"25,983,236"
zillow.com          ,"24,971,896"
"businessinsider.com	","24,704,119"
bulbagarden.net     ,"24,656,869"
paypal.com          ,"24,139,631"
"finance.yahoo.com	","24,102,499"
genius.com          ,"23,674,051"
usatoday.com        ,"23,350,799"
realtor.com         ,"23,035,084"
medicalnewstoday.com,"22,731,834"
"fedex.com	        ","22,074,911"
"bankofamerica.com	","21,931,844"
"washingtonpost.com	","21,875,472"
investopedia.com    ,"21,825,468"
speedtest.net       ,"21,819,007"
spotify.com         ,"21,735,668"
cdc.gov             ,"21,693,411"
chase.com           ,"21,520,675"
hulu.com            ,"21,499,264"
xfinity.com         ,"21,359,954"
msn.com             ,"20,800,250"
dictionary.com      ,"20,799,276"
weather.com         ,"20,061,357"
ups.com             ,"19,289,092"
verizon.com         ,"19,041,755"
forbes.com          ,"18,625,540"
wowhead.com         ,"18,464,384"
expedia.com         ,"18,220,992"
"urbandictionary.com	","18,192,081"
foodnetwork.com     ,"18,192,046"
nbcnews.com         ,"18,003,013"
macys.com           ,"17,939,523"
apartments.com      ,"17,852,590"
ign.com             ,"17,697,269"
capitalone.com      ,"17,501,430"
costco.com          ,"17,131,767"
theguardian.com     ,"17,119,491"
cnbc.com            ,"16,980,037"
glassdoor.com       ,"16,968,842"
yellowpages.com     ,"16,658,478"
att.com             ,"16,347,336"
bbc.com             ,"15,981,916"
khanacademy.org     ,"15,615,428"
ny.gov              ,"15,590,100"
twitch.tv           ,"15,572,064"
adobe.com           ,"15,485,923"
"	cbssports.com      ","15,118,399"
